<application>
  <component name="ProjectManager">
    <defaultProject>
      <component name="DiscordProjectSettings">
        <option name="show" value="ASK" />
        <option name="description" value="" />
        <option name="applicationTheme" value="default" />
        <option name="iconsTheme" value="default" />
        <option name="button1Title" value="" />
        <option name="button1Url" value="" />
        <option name="button2Title" value="" />
        <option name="button2Url" value="" />
        <option name="customApplicationId" value="" />
      </component>
      <component name="PropertiesComponent">{
  &quot;keyToString&quot;: {
    &quot;settings.editor.selected.configurable&quot;: &quot;configurable.group.editor&quot;
  }
}</component>
      <component name="VcsDirectoryMappings" defaultProject="true" />
      <component name="WindowStateProjectService">
        <state x="1421" y="755" key="SettingsEditor" timestamp="1740038975975">
          <screen x="0" y="0" width="3840" height="2160" />
        </state>
        <state x="1421" y="755" key="SettingsEditor.ideScale=125" timestamp="1740039108739">
          <screen x="0" y="0" width="3840" height="2160" />
        </state>
        <state x="1421" y="755" key="SettingsEditor.ideScale=125/0.0.3840.2160" timestamp="1740039108739" />
        <state x="1421" y="755" key="SettingsEditor/0.0.3840.2160" timestamp="1740038975975" />
        <state x="1134" y="257" width="1950" height="1603" key="new project wizard.ideScale=125" timestamp="1740039154902">
          <screen x="0" y="0" width="3840" height="2160" />
        </state>
        <state x="1134" y="257" width="1950" height="1603" key="new project wizard.ideScale=125/0.0.3840.2160" timestamp="1740039154902" />
      </component>
    </defaultProject>
  </component>
</application>