<application>
  <component name="Trusted.Paths">
    <option name="TRUSTED_PROJECT_PATHS">
      <map>
        <entry key="$USER_HOME$/code/demo" value="true" />
        <entry key="$USER_HOME$/code/demo1" value="true" />
        <entry key="$USER_HOME$/code/demoV2" value="true" />
      </map>
    </option>
  </component>
  <component name="Trusted.Paths.Settings">
    <option name="TRUSTED_PATHS">
      <list>
        <option value="$USER_HOME$/code" />
      </list>
    </option>
  </component>
</application>