<application>
  <component name="DimensionService">
    <location key="find.popup.0.0.3840.2160@144dpi" x="1559" y="116" />
    <size key="find.popup.0.0.3840.2160@144dpi" width="949" height="780" />
    <size key="GridCell.Tab.0.left.0.0.3840.2160@144dpi" width="1820" height="664" />
    <size key="GridCell.Tab.0.center.0.0.3840.2160@144dpi" width="1820" height="664" />
    <size key="GridCell.Tab.0.right.0.0.3840.2160@144dpi" width="1820" height="664" />
    <size key="GridCell.Tab.0.bottom.0.0.3840.2160@144dpi" width="1820" height="664" />
    <size key="GridCell.Tab.1.left.0.0.3840.2160@144dpi" width="1273" height="664" />
    <size key="GridCell.Tab.1.center.0.0.3840.2160@144dpi" width="1273" height="664" />
    <size key="GridCell.Tab.1.right.0.0.3840.2160@144dpi" width="1273" height="664" />
    <size key="GridCell.Tab.1.bottom.0.0.3840.2160@144dpi" width="1273" height="664" />
    <size key="GridCell.Tab.2.left.0.0.3840.2160@144dpi" width="2469" height="1017" />
    <size key="GridCell.Tab.2.center.0.0.3840.2160@144dpi" width="2469" height="1017" />
    <size key="GridCell.Tab.2.right.0.0.3840.2160@144dpi" width="2469" height="1017" />
    <size key="GridCell.Tab.2.bottom.0.0.3840.2160@144dpi" width="2469" height="1017" />
    <size key="GridCell.Tab.3.left.0.0.3840.2160@144dpi" width="2469" height="1017" />
    <size key="GridCell.Tab.3.center.0.0.3840.2160@144dpi" width="2469" height="1017" />
    <size key="GridCell.Tab.3.right.0.0.3840.2160@144dpi" width="2469" height="1017" />
    <size key="GridCell.Tab.3.bottom.0.0.3840.2160@144dpi" width="2469" height="1017" />
    <size key="GridCell.Tab.4.left.0.0.3840.2160@144dpi" width="2469" height="1017" />
    <size key="GridCell.Tab.4.center.0.0.3840.2160@144dpi" width="2469" height="1017" />
    <size key="GridCell.Tab.4.right.0.0.3840.2160@144dpi" width="2469" height="1017" />
    <size key="GridCell.Tab.4.bottom.0.0.3840.2160@144dpi" width="2469" height="1017" />
  </component>
  <component name="WindowManager">
    <frame x="1920" y="0" width="1920" height="2160" />
  </component>
  <component name="WindowStateApplicationService">
    <state x="1601" y="761" key="FileChooserDialogImpl.ideScale=125" timestamp="1740039160534">
      <screen x="0" y="0" width="3840" height="2160" />
    </state>
    <state x="1601" y="761" key="FileChooserDialogImpl.ideScale=125/0.0.3840.2160" timestamp="1740039160534" />
    <state x="2880" y="1096" width="1920" height="2128" key="WELCOME_SCREEN" timestamp="1740250868997">
      <screen x="0" y="0" width="3840" height="2160" />
    </state>
    <state x="2879" y="1105" width="1913" height="2102" key="WELCOME_SCREEN.ideScale=125" timestamp="1740039167508">
      <screen x="0" y="0" width="3840" height="2160" />
    </state>
    <state x="2879" y="1105" width="1913" height="2102" key="WELCOME_SCREEN.ideScale=125/0.0.3840.2160" timestamp="1740039167508" />
    <state x="1919" y="1105" width="3833" height="2102" key="WELCOME_SCREEN.ideScale=150" timestamp="1740039096961">
      <screen x="0" y="0" width="3840" height="2160" />
    </state>
    <state x="1919" y="1105" width="3833" height="2102" key="WELCOME_SCREEN.ideScale=150/0.0.3840.2160" timestamp="1740039096961" />
    <state x="2880" y="1096" width="1920" height="2128" key="WELCOME_SCREEN/0.0.3840.2160" timestamp="1740250868997" />
    <state x="1582" y="537" width="672" height="696" key="search.everywhere.popup" timestamp="1740038981515">
      <screen x="0" y="0" width="3840" height="2160" />
    </state>
    <state x="1582" y="537" width="672" height="696" key="search.everywhere.popup/0.0.3840.2160" timestamp="1740038981515" />
  </component>
</application>